student,glasses,english,statsofar,love_htcm,smoke,h_left,h_right,handedness,statfuture,haircut,lecture,alone,height_in,hand_span,favcolor,lastsleep,pulse,sex,ageguess,year,lovetrueage,lovetrueht
202301,y,NA,2,152,1,0,10,1,7,0,3,3,61,19.5,sky blue,5,NA,NA,NA,2023,56.5,189
202302,n,y,NA,152,1,10,0,-1,7,10,3,3,63,19,black,6,NA,NA,NA,2023,56.5,189
202303,y,y,4,178,1,0,20,1,6,45,2,2,61,20,purple,8.5,104,NA,NA,2023,56.5,189
202304,n,y,2,183,1,0,20,1,5,200,3,4,64,19,blue,6,92,NA,NA,2023,56.5,189
202305,y,y,2,178,1,0,10,1,6,40,2,2,62,18.5,purple,9,88,NA,NA,2023,56.5,189
202306,y,y,6,178,1,5,8,0.23,7,35,3,3,73,26,blue,6,54,NA,NA,2023,56.5,189
202307,y,y,5,185,1,4,15,0.58,7,70,4,4,74,25.5,purple,6,72,NA,NA,2023,56.5,189
202308,n,y,5,185,3,5,15,0.5,7,65,3,4,66,21,purple,7,76,NA,NA,2023,56.5,189
202309,n,y,4,188,1,0,10,1,6,40,4,3,71,15,blue,6,78,NA,NA,2023,56.5,189
202310,n,n,3,185,1,2,9,0.64,5,0,2,2,60,17.5,yellow,8,68,NA,NA,2023,56.5,189
202311,n,n,2,180,1,0,10,1,7,12,5,5,67,20,blue,9.5,68,NA,NA,2023,56.5,189
202312,n,n,7,185,1,2,9,0.64,5,0,2,2,60,17.5,yellow,8,68,NA,NA,2023,56.5,189
202313,n,y,5,193,1,10,0,-1,7,60,4,4,65,18,purple,5.5,88,NA,NA,2023,56.5,189
202314,y,y,5,188,1,0,10,1,6,80,4,4,65,18,green,6,60,NA,NA,2023,56.5,189
202315,y,y,5,178,1,0,18,1,7,75,4,4,67,22,blue,5,76,NA,NA,2023,56.5,189
202316,y,y,5,188,2,12,4,-0.5,6,30,3,3,65,18,green,8,75,NA,NA,2023,56.5,189
202317,n,y,3,178,1,0,10,1,5,15,3,4,64,21,blue,8,84,NA,NA,2023,56.5,189
202318,n,n,3,178,1,7,4,-0.27,6,0,3,4,70,23,black,8,80,NA,NA,2023,56.5,189
202319,n,n,3,185,1,1,14,0.87,6,0,4,3,63,21,blue,7.5,108,NA,NA,2023,56.5,189
202320,y,n,5,185,1,5,15,0.5,7,26,4,3,65,20,blue,8,68,NA,NA,2023,56.5,189
202321,y,y,3,183,1,2,16,0.78,7,100,4,3,61,16,purple,8,72,NA,NA,2023,56.5,189
202322,n,y,3,180,1,2,17,0.79,6,65,3,3,61.5,15,blue,7,85,NA,NA,2023,56.5,189
202323,y,n,5,177,1,0,10,1,7,20,3,3,65,21,white,7,80,NA,NA,2023,56.5,189
202324,y,y,7,190,1,0,20,1,7,0,5,5,66,23,red,6,76,NA,NA,2023,56.5,189
202325,y,y,4,188,1,0,20,1,7,32,4,5,70,20,red,8,70,NA,NA,2023,56.5,189
202326,y,n,4,175,2,1,9,0.8,7,20,3,2,68,20,blue,5,80,NA,NA,2023,56.5,189
202327,n,y,4,168,1,2,18,0.8,7,48,3,4,64,19.5,blue,7,112,NA,NA,2023,56.5,189
202328,n,y,4,178,1,9,3,-0.5,6,0,1,3,73,23,blue,8,80,NA,NA,2023,56.5,189
202329,n,y,5,180,1,2,18,0.8,7,30,2,4,73,21,blue,7,68,NA,NA,2023,56.5,189
202330,n,y,4,173,1,7,9,0.13,5,0,4,3,64,21.5,teal,6,76,NA,NA,2023,56.5,189
202331,y,y,7,188,1,0,10,1,4,180,3,4,66,20.5,blue,4,88,NA,NA,2023,56.5,189
202332,y,y,6,188,1,0,10,1,7,35,4,2,71,22.5,yellow,6,86,NA,NA,2023,56.5,189
202333,y,n,7,185,1,12,4,-0.5,5,20,3,3,61,20,green,6,86,NA,NA,2023,56.5,189
202334,y,n,5,183,1,2,11,0.69,5,5,4,3,70,22,blue,7,80,NA,NA,2023,56.5,189
202335,n,y,3,185,1,6,9,0.2,6,0,2,2,66,21.5,royal blue,5,84,NA,NA,2023,56.5,189
202336,y,y,2,188,1,5,12,0.41,5,35,3,2,63,13.8,light blue,9,68,NA,NA,2023,56.5,189
202337,n,y,3,180,1,2,16,0.78,7,45,2,3,69,19,blue,8,104,NA,NA,2023,56.5,189
202338,y,y,3,180,1,2,16,0.78,6,0,3,2,65,20.5,green,6,72,NA,NA,2023,56.5,189
202339,n,n,6,178,1,17,10,-0.26,7,150,3,3,64,19.5,purple,9,88,NA,NA,2023,56.5,189
202340,n,n,6,185,1,19,10,-0.31,7,14,3,3,61,19.3,purple,7,80,NA,NA,2023,56.5,189
202341,y,y,5,183,1,6,13,0.37,6,0,3,4,65,20.5,blue,8,72,NA,NA,2023,56.5,189
202342,y,y,4,180,1,4,14,0.56,5,7.5,3,3,64,20,white,7,68,NA,NA,2023,56.5,189
202343,y,y,5,185,1,2,15,0.76,7,0,2,5,65,21,blue,7.25,72,NA,NA,2023,56.5,189
202344,y,y,7,191,1,3,14,0.65,7,20,4,2,70,20,gray,9.5,100,NA,NA,2023,56.5,189
202345,y,y,5,183,1,5,14,0.47,7,57,1,2,64,18.5,red,7.13,80,NA,NA,2023,56.5,189
202346,y,y,5,180,1,4,14,0.56,7,22,3,2,69,20,blue,6,88,NA,NA,2023,56.5,189
202347,y,n,5,175,1,1,17,0.89,6,50,4,4,67,18,red,5,72,NA,NA,2023,56.5,189
202348,n,NA,4,191,1,10,0,-1,6,30,1,5,68,20,red,8,80,NA,NA,2023,56.5,189
202349,n,y,5,193,1,10,0,-1,6,30,4,5,77,22,aquamarine,5,60,NA,NA,2023,56.5,189
202350,y,y,6,175,2,0,10,1,7,35,3,3,72,22.5,blue,6,56,NA,NA,2023,56.5,189
202351,y,y,6,183,1,1,17,0.89,7,20,2,3,62,18.5,blue,6.5,68,NA,NA,2023,56.5,189
202352,y,n,5,183,1,0,15,1,7,50,2,3,64,19.8,purple,8,68,NA,NA,2023,56.5,189
202353,y,y,5,178,1,1,15,0.88,6,35,1,4,64,19.5,green,4.5,60,NA,NA,2023,56.5,189
202201,n,n,5,180,1,1,9,0.8,6,2,2,4,69.5,23,blue,5,80,NA,NA,2022,55.5,190
202202,y,y,7,168,1,0,10,1,7,50,3,1,63,19,purple,4,64,NA,NA,2022,55.5,190
202203,n,y,5,185,2,0,10,1,7,0,2,2,73,25,NA,7,68,NA,NA,2022,55.5,190
202204,y,y,6,185,1,0,10,1,7,38,1,3,70,23.5,green,6,88,NA,NA,2022,55.5,190
202205,y,y,6,191,1,16,4,1,7,25,3,3,59,17,red,6,60,NA,NA,2022,55.5,190
202206,y,y,6,183,2,3,15,1,7,15,3,3,68,22,royal purple,7,72,NA,NA,2022,55.5,190
202207,y,y,7,188,1,18,10,1,7,0,2,3,71,23,blue,7,68,NA,NA,2022,55.5,190
202208,n,n,7,188,1,4,10,1,7,32,3,2,70,23,black,6,68,NA,NA,2022,55.5,190
202209,y,y,7,191,2,1,19,1,7,60,2,4,69,22.5,green,8,96,NA,NA,2022,55.5,190
202210,n,y,6,183,1,6,13,1,6,40,3,4,76,24,red,7,66,NA,NA,2022,55.5,190
202211,n,n,5,180,1,7,12,1,7,45,3,3,66,19,green,8,64,NA,NA,2022,55.5,190
202212,n,y,3,188,1,0,16,1,7,52,3,3,68,23,purple,8,88,NA,NA,2022,55.5,190
202213,y,y,5,188,1,0,16,1,7,52,3,2,69,19.5,blue,7,74,NA,NA,2022,55.5,190
202214,n,y,6,185,1,4,9,1,7,0,3,2,67,20,green,7,100,NA,NA,2022,55.5,190
202215,y,y,4,185,1,0,10,1,5,30,3,3,72,24.5,black,7,55,NA,NA,2022,55.5,190
202216,y,y,5,183,1,4,13,1,7,15,3,3,61,21.2,green,6.5,79,NA,NA,2022,55.5,190
202217,y,y,3,191,1,0,19,1,6,30,2,3,75.5,23,maroon,6,76,NA,NA,2022,55.5,190
202218,y,n,1,185,1,1,14,1,5,75,5,5,70,20,pink,8,74,NA,NA,2022,55.5,190
202219,n,y,5,178,1,1,17,1,7,20,3,4,68,24,blue,7,68,NA,NA,2022,55.5,190
202220,n,n,5,NA,1,2,9,1,NA,4,4,3,66,19.5,red,7,78,NA,NA,2022,55.5,190
202221,y,y,7,185,2,0,20,1,7,45,3,4,68,21,green,7,79,NA,NA,2022,55.5,190
202222,n,y,4,191,1,1,17,1,5,20,3,2,72,24.8,orange,6,80,NA,NA,2022,55.5,190
202223,n,y,5,191,1,4,15,1,6,35,3,3,69,22.8,blue,5,84,NA,NA,2022,55.5,190
202224,y,n,5,178,1,4,16,1,7,0,3,1,62,20.5,red,8,68,NA,NA,2022,55.5,190
202225,y,n,3,185,1,1,17,1,7,50,2,3,71,26.5,blue,6,68,NA,NA,2022,55.5,190
202226,n,n,5,183,1,0,13,1,7,25,3,3,68,22.8,blue,6,70,NA,NA,2022,55.5,190
202227,y,n,5,183,1,0,19,1,7,40,3,4,69,22,blue,7,70,NA,NA,2022,55.5,190
202228,n,y,3,191,1,0,10,1,7,240,1,2,67,20,orange,5.5,60,NA,NA,2022,55.5,190
202229,y,y,3,185,1,4,14,1,6,30,1,3,68,23.2,blue,10,72,NA,NA,2022,55.5,190
202230,y,y,5,180,1,4,6,1,7,6,3,3,73.5,21,blue,6,64,NA,NA,2022,55.5,190
202231,n,y,5,191,1,6,14,1,7,45,4,3,75,23.5,blue,7,60,NA,NA,2022,55.5,190
202232,y,n,6,191,1,3,17,1,7,25,3,5,64,19,blue,8,100,NA,NA,2022,55.5,190
202233,y,n,3,173,1,1,18,1,6,2,4,2,69,21,blue,8,72,NA,NA,2022,55.5,190
202234,y,y,6,191,1,4,16,1,4,30,4,4,73,23.5,orange,8,66,NA,NA,2022,55.5,190
202235,n,y,7,191,1,1,19,1,7,25,2,4,73,23.5,green,7.5,68,NA,NA,2022,55.5,190
202236,y,y,6,183,1,20,10,1,7,20,3,3,68,23,blue,8,88,NA,NA,2022,55.5,190
202237,y,y,6,191,1,0,20,1,5,200,4,3,66,19,blue,5,62,NA,NA,2022,55.5,190
202238,y,y,5,191,1,19,11,1,4,15,3,2,70,22.5,white,10,84,NA,NA,2022,55.5,190
202239,y,y,7,191,2,0,10,1,7,35,3,3,65,23,all of them,5,88,NA,NA,2022,55.5,190
202240,y,n,5,180,1,4,14,1,7,0,2,1,67,21,red,8,NA,NA,NA,2022,55.5,190
202241,n,y,3,191,1,3,13,1,5,20,3,2,68,21,blue,3.5,80,NA,NA,2022,55.5,190
202242,n,y,6,191,1,17,10,1,7,80,4,3,66,21.5,blue,6.5,78,NA,NA,2022,55.5,190
202243,n,y,7,191,2,0,10,1,7,20,1,1,70.5,24,blue,7,72,NA,NA,2022,55.5,190
202244,n,y,1,185,1,2,13,1,4,30,4,1,63,20,blue,6,92,NA,NA,2022,55.5,190
202245,y,y,3,188,1,2,15,1,6,80,2,3,66,21,blue,6.5,80,NA,NA,2022,55.5,190
202246,n,n,5,180,1,0,10,1,5,10,3,NA,66,19,green,8,50,NA,NA,2022,55.5,190
202247,y,y,7,NA,1,2,9,1,7,50,3,1,62,20,red,8,80,NA,NA,2022,55.5,190
202248,y,y,5,168,1,0,18,1,4,30,5,4,69,24,orange,7.5,76,NA,NA,2022,55.5,190
202249,y,y,5,188,1,1,19,1,6,60,3,4,61,19,seafoam green,7,88,NA,NA,2022,55.5,190
202250,y,y,5,191,1,1,19,1,7,20,3,4,72,22.5,blue,6.5,80,NA,NA,2022,55.5,190
202251,y,n,5,191,1,1,10,1,5,20,3,4,70,22,blue,8,88,NA,NA,2022,55.5,190
202252,y,n,5,191,3,6,12,1,5,30,5,5,70,22,blue,10,88,NA,NA,2022,55.5,190
202253,y,y,6,175,1,18,10,1,7,5,4,3,67,19,blue,6,80,NA,NA,2022,55.5,190
202254,y,n,1,NA,1,1,9,1,6,30,5,1,72,20,white,8,NA,NA,NA,2022,55.5,190
202101,n,y,7,178,1,0,10,1,7,20,3,4,72,23,green,5,80,NA,NA,2021,54.5,191
202102,y,y,5,178,1,2,18,0.8,6,25,3,3,68,20,blue,7,84,NA,NA,2021,54.5,191
202103,n,y,3,178,1,0,18,1,6,30,2,3,71,20,green,7,92,NA,NA,2021,54.5,191
202104,y,y,5,173,3,12,4,-0.5,NA,NA,NA,NA,NA,NA,NA,NA,NA,NA,NA,2021,54.5,191
202105,y,y,3,178,1,4,13,0.53,NA,NA,NA,NA,NA,NA,NA,NA,NA,NA,NA,2021,54.5,191
202106,y,y,5,183,1,1,19,0.9,6,65,5,1,66,20,pink,10,88,NA,NA,2021,54.5,191
202107,y,y,5,180,1,1,19,0.9,7,0,4,2,65,17,green,10,84,NA,NA,2021,54.5,191
202108,n,y,6,178,1,0,10,1,7,30,2,4,68,23,red,8,76,NA,NA,2021,54.5,191
202109,y,y,5,188,1,3,16,0.68,7,100,2,4,60,17,NA,6,60,NA,NA,2021,54.5,191
202110,n,y,6,183,1,2,18,0.8,7,30,1,2,66,20,red,6,64,NA,NA,2021,54.5,191
202111,n,y,5,178,1,0,15,1,6,20,2,2,70,21,green,6,80,NA,NA,2021,54.5,191
202112,n,y,5,180,1,2,18,0.8,7,35,2,3,74,23,blue,7,80,NA,NA,2021,54.5,191
202113,y,y,4,173,1,2,14,0.75,6,15,3,3,63,19.5,blue,6,60,NA,NA,2021,54.5,191
202114,y,n,5,165,1,0,16,1,5,20,2,2,73,21.5,red,8,60,NA,NA,2021,54.5,191
202115,y,y,2,180,1,1,14,0.87,NA,NA,NA,NA,NA,NA,NA,NA,NA,NA,NA,2021,54.5,191
202116,y,y,1,180,2,2,18,0.8,7,0,4,4,65.5,20,salmon,6,64,NA,NA,2021,54.5,191
202117,n,y,5,178,1,2,18,0.8,7,35,2,3,69,20,blue,8,64,NA,NA,2021,54.5,191
202118,y,n,5,183,1,1,19,0.9,7,40,4,3,63,14,blue,6,96,NA,NA,2021,54.5,191
202119,y,n,1,175,1,6,13,0.37,6,60,3,2,71,22,yellow,6,90,NA,NA,2021,54.5,191
202120,y,n,5,180,1,0,10,1,7,0,4,3,66,19,red,8.5,NA,NA,NA,2021,54.5,191
202121,n,n,5,180,1,0,20,1,7,0,3,2,69,20,red,8,64,NA,NA,2021,54.5,191
202122,y,y,4,178,1,0,10,1,6,65,2,3,62,20,purple,8,84,NA,NA,2021,54.5,191
202123,y,n,7,175,1,0,20,1,7,50,2,5,69,20,blue,5,64,NA,NA,2021,54.5,191
202124,y,y,4,173,1,10,1,-0.82,7,60,2,3,62,22,purple,8,80,NA,NA,2021,54.5,191
202125,y,y,2,178,1,0,14,1,6,70,3,2,67.5,19,blue,6,70,NA,NA,2021,54.5,191
202126,n,n,7,175,1,2,15,0.76,7,200,5,1,63,18,blue,8,92,NA,NA,2021,54.5,191
202127,n,n,3,175,1,6,14,0.4,6,31,3,2,74,21,blue,8,77,NA,NA,2021,54.5,191
202128,n,y,5,185,1,0,15,1,7,40,4,1,66,20.7,blue,8,64,NA,NA,2021,54.5,191
202129,n,y,5,185,1,0,15,1,6,30,4,1,63,18.6,blue,8,64,NA,NA,2021,54.5,191
202130,y,y,6,178,1,0,10,1,7,60,3,5,66,20,pink,8,94,NA,NA,2021,54.5,191
202131,n,y,6,183,1,5,14,0.47,7,70,4,3,69,21.5,lavender,8,88,NA,NA,2021,54.5,191
202132,y,n,7,183,1,5,14,0.47,7,60,4,4,63,20,green,7.5,72,NA,NA,2021,54.5,191
202133,n,y,5,185,1,0,10,1,7,18,1,1,67,23,white,6,70,NA,NA,2021,54.5,191
202134,y,y,5,185,2,2,14,0.75,6,14,4,2,76,23.5,red,7,72,NA,NA,2021,54.5,191
202135,y,y,4,187,1,2,9,0.64,7,35,2,3,77.5,24.5,green,7.5,80,NA,NA,2021,54.5,191
202136,y,y,3,183,1,2,16,0.78,6,72,3,1,64,19,blue,8,80,NA,NA,2021,54.5,191
202137,n,y,5,180,1,1,16,0.88,5,30,4,3,68,20,black,9,80,NA,NA,2021,54.5,191
202138,y,n,1,170,1,0,16,1,5,100,4,2,67,19.5,sky blue,6.5,64,NA,NA,2021,54.5,191
202139,y,y,4,170,1,0,10,1,6,60,3,2,64,21,purple,7,72,NA,NA,2021,54.5,191
202140,y,y,5,183,1,16,4,-0.6,7,100,3,4,64,20,lavender,7,104,NA,NA,2021,54.5,191
202141,y,y,5,178,1,16,3,-0.68,5,26,3,4,69,20.8,forest green,8,72,NA,NA,2021,54.5,191
202142,n,y,4,178,3,0,14,1,6,30,3,2,73,22.5,orange,9,60,NA,NA,2021,54.5,191
202143,y,y,5,188,1,2,16,0.78,6,250,3,4,66,16.5,green,8,68,NA,NA,2021,54.5,191
202144,n,y,4,180,2,0,15,1,6,20,3,3,70,23.5,blue,7,80,NA,NA,2021,54.5,191
202145,y,y,5,178,1,13,0,-1,5,35,3,2,73,23.75,blue,6,84,NA,NA,2021,54.5,191
202146,y,y,5,178,1,1,12,0.85,5,70,3,4,73,24,black,6,65,NA,NA,2021,54.5,191
202147,n,y,5,180,1,7,5,-0.17,7,0,4,4,74,22,green,8,44,NA,NA,2021,54.5,191
202148,y,y,5,180,1,1,19,0.9,7,0,3,4,64,18,blue,7.5,60,NA,NA,2021,54.5,191
202149,n,y,3,180,1,0,10,1,6,18,3,4,62,19,blue,5,84,NA,NA,2021,54.5,191
202150,y,y,7,188,2,0,19,1,7,40,4,3,65,21,NA,6,64,NA,NA,2021,54.5,191
202151,y,y,5,188,1,0,17,1,5,0,3,3,71,22.5,green,7,92,NA,NA,2021,54.5,191
202152,y,y,3,191,1,4,16,0.6,5,50,3,2,67,18,green,8,96,NA,NA,2021,54.5,191
202153,y,y,6,188,3,3,17,0.7,7,2,3,4,60,16.5,blue,9,75,NA,NA,2021,54.5,191
202154,y,n,5,175,1,1,15,0.88,7,40,5,4,70,22,light blue,6,72,NA,NA,2021,54.5,191
202155,y,y,5,178,1,3,7,0.4,7,30,5,4,72,23.5,blue,7,66,NA,NA,2021,54.5,191
202156,y,y,5,178,1,0,20,1,7,60,4,4,68,17.5,blue,8,76,NA,NA,2021,54.5,191
202157,n,y,4,183,1,0,10,1,NA,22,1,3,71,20,green,6.5,72,NA,NA,2021,54.5,191
202158,n,n,5,183,1,0,10,1,6,35,1,1,67,20,blue,4,82,NA,NA,2021,54.5,191
202001,y,n,NA,NA,1,NA,NA,NA,7,5,3,2,70,NA,blue,7,NA,NA,NA,2020,53.5,NA
202002,y,y,NA,NA,1,NA,NA,NA,6,0,3,2,61,NA,blue,6.5,NA,NA,NA,2020,53.5,NA
202003,y,y,NA,NA,1,NA,NA,NA,7,45,4,3,62,NA,purple,8,NA,NA,NA,2020,53.5,NA
202004,y,n,NA,NA,1,NA,NA,NA,7,3,5,5,72,NA,blue,7,NA,NA,NA,2020,53.5,NA
202005,y,y,NA,NA,1,NA,NA,NA,7,0,4,3,63,NA,purple,7,NA,NA,NA,2020,53.5,NA
202006,n,y,NA,NA,1,NA,NA,NA,6,45,2,4,68,NA,silver,8,NA,NA,NA,2020,53.5,NA
202007,y,y,NA,NA,1,NA,NA,NA,7,0,3,3,68,NA,green,6,NA,NA,NA,2020,53.5,NA
202008,n,y,NA,NA,1,NA,NA,NA,7,0,4,3,72,NA,blue,5,NA,NA,NA,2020,53.5,NA
202009,y,n,NA,NA,1,NA,NA,NA,6,20,3,3,62,NA,purple,7,NA,NA,NA,2020,53.5,NA
202010,y,n,NA,NA,1,NA,NA,NA,6,72,2,3,66,NA,green,6.5,NA,NA,NA,2020,53.5,NA
202011,y,y,NA,NA,1,NA,NA,NA,5,40,2,2,64,NA,green,6,NA,NA,NA,2020,53.5,NA
202012,y,y,NA,NA,1,NA,NA,NA,6,60,2,3,65,NA,green,9,NA,NA,NA,2020,53.5,NA
202013,n,y,NA,NA,1,NA,NA,NA,6,0,3,4,63,NA,purple,7,NA,NA,NA,2020,53.5,NA
202014,n,y,NA,NA,1,NA,NA,NA,5,0,3,2,68,NA,blue,2,NA,NA,NA,2020,53.5,NA
202015,y,y,NA,NA,1,NA,NA,NA,5,0,3,3,64,NA,blue,8,NA,NA,NA,2020,53.5,NA
202016,y,y,NA,NA,1,NA,NA,NA,7,130,2,5,70,NA,purple,9,NA,NA,NA,2020,53.5,NA
202017,n,n,NA,NA,1,NA,NA,NA,6,25,3,2,67,NA,baby blue,6,NA,NA,NA,2020,53.5,NA
202018,y,y,NA,NA,1,NA,NA,NA,6,50,3,3,62,NA,green,5,NA,NA,NA,2020,53.5,NA
202019,y,y,NA,NA,1,NA,NA,NA,7,35,5,5,66,NA,red,7,NA,NA,NA,2020,53.5,NA
202020,y,y,NA,NA,1,NA,NA,NA,7,35,2,2,67,NA,blue,5,NA,NA,NA,2020,53.5,NA
202021,y,y,NA,NA,1,NA,NA,NA,6,0,4,3,65,NA,purple,6,NA,NA,NA,2020,53.5,NA
202022,y,y,NA,NA,1,NA,NA,NA,7,0,4,3,62,NA,blue,7,NA,NA,NA,2020,53.5,NA
202023,y,y,NA,NA,1,NA,NA,NA,6,0,3,3,69,NA,turquoise,6.5,NA,NA,NA,2020,53.5,NA
202024,y,y,NA,NA,1,NA,NA,NA,7,65,5,3,67,NA,purple,6,NA,NA,NA,2020,53.5,NA
202025,n,y,NA,NA,1,NA,NA,NA,6,30,1,2,76,NA,blue,9,NA,NA,NA,2020,53.5,NA
202026,y,y,NA,NA,1,NA,NA,NA,6,20,3,2,74,NA,red,8,NA,NA,NA,2020,53.5,NA
202027,y,y,NA,NA,1,NA,NA,NA,6,50,3,2,59,NA,navy,9,NA,NA,NA,2020,53.5,NA
202028,y,y,NA,NA,2,NA,NA,NA,6,45,4,2,62,NA,brown,8.5,NA,NA,NA,2020,53.5,NA
202029,y,n,NA,NA,1,NA,NA,NA,7,25,3,3,72,NA,brown,6,NA,NA,NA,2020,53.5,NA
202030,y,y,NA,NA,1,NA,NA,NA,7,60,3,5,62,NA,blue,8,NA,NA,NA,2020,53.5,NA
202031,y,n,NA,NA,1,NA,NA,NA,7,40,4,2,63,NA,orange,5,NA,NA,NA,2020,53.5,NA
202032,n,y,NA,NA,1,NA,NA,NA,5,100,2,2,65,NA,red,6,NA,NA,NA,2020,53.5,NA
202033,y,y,NA,NA,1,NA,NA,NA,6,0,4,4,68,NA,blue,8.5,NA,NA,NA,2020,53.5,NA
202034,y,y,NA,NA,1,NA,NA,NA,6,20,3,4,75,NA,navy,6,NA,NA,NA,2020,53.5,NA
202035,y,n,NA,NA,1,NA,NA,NA,5,8,3,1,74,NA,black,11,NA,NA,NA,2020,53.5,NA
202036,n,y,NA,NA,1,NA,NA,NA,6,27,3,5,68,NA,light blue,7.5,NA,NA,NA,2020,53.5,NA
202037,y,y,NA,NA,1,NA,NA,NA,6,0,3,3,70,NA,purple,6.5,NA,NA,NA,2020,53.5,NA
202038,y,y,NA,NA,1,NA,NA,NA,5,0,2,3,65,NA,purple,8,NA,NA,NA,2020,53.5,NA
202039,y,y,NA,NA,1,NA,NA,NA,6,30,1,3,64,NA,green,7.3,NA,NA,NA,2020,53.5,NA
202040,y,y,NA,NA,1,NA,NA,NA,4,60,1,1,62,NA,pink,6,NA,NA,NA,2020,53.5,NA
202041,y,y,NA,NA,1,NA,NA,NA,7,38,5,5,68,NA,red,7,NA,NA,NA,2020,53.5,NA
202042,y,y,NA,NA,1,NA,NA,NA,6,0,4,4,65,NA,orange,9,NA,NA,NA,2020,53.5,NA
202043,n,y,NA,NA,1,NA,NA,NA,6,0,1,1,65,NA,orange,4,NA,NA,NA,2020,53.5,NA
202044,y,y,NA,NA,1,NA,NA,NA,7,15,2,1,65,NA,orange,4,NA,NA,NA,2020,53.5,NA
202045,n,y,NA,NA,1,NA,NA,NA,7,0,3,3,63,NA,burgundy,5,NA,NA,NA,2020,53.5,NA
202046,y,y,NA,NA,1,NA,NA,NA,7,0,3,1,72,NA,red,4,NA,NA,NA,2020,53.5,NA
202047,n,n,NA,NA,1,NA,NA,NA,6,20,3,3,64,NA,black,7,NA,NA,NA,2020,53.5,NA
202048,n,y,NA,NA,1,NA,NA,NA,6,13,3,2,66,NA,blue,7,NA,NA,NA,2020,53.5,NA
202049,y,y,NA,NA,1,NA,NA,NA,7,60,5,4,61,NA,red,4,NA,NA,NA,2020,53.5,NA
202050,n,y,NA,NA,1,NA,NA,NA,6,NA,1,NA,60,NA,blue,5,NA,NA,NA,2020,53.5,NA
202051,y,y,NA,NA,1,NA,NA,NA,7,50,4,4,62,NA,blue,7,NA,NA,NA,2020,53.5,NA
202052,y,y,NA,NA,1,NA,NA,NA,7,15,3,2,69,NA,red,5,NA,NA,NA,2020,53.5,NA
202053,y,y,NA,NA,1,NA,NA,NA,7,20,2,3,70,NA,blue,5,NA,NA,NA,2020,53.5,NA
202054,y,n,NA,NA,1,NA,NA,NA,6,65,3,1,62,NA,blue,3,NA,NA,NA,2020,53.5,NA
202055,y,y,NA,NA,1,NA,NA,NA,7,25,5,5,71,NA,gray,6.5,NA,NA,NA,2020,53.5,NA
202056,y,y,NA,NA,1,NA,NA,NA,7,30,3,3,66,NA,blue,8,NA,NA,NA,2020,53.5,NA
202057,y,y,NA,NA,1,NA,NA,NA,6,80,2,3,68,NA,blue,7,NA,NA,NA,2020,53.5,NA
202058,y,n,NA,NA,1,NA,NA,NA,6,5,3,3,70,NA,white,6,NA,NA,NA,2020,53.5,NA
202059,y,y,NA,NA,1,NA,NA,NA,7,45,1,1,62,NA,blue,6.5,NA,NA,NA,2020,53.5,NA
202060,y,y,NA,NA,1,NA,NA,NA,6,35,3,4,67,NA,purple,7.5,NA,NA,NA,2020,53.5,NA
202061,n,n,NA,NA,1,NA,NA,NA,4,0,2,2,61,NA,blue,8,NA,NA,NA,2020,53.5,NA
202062,n,y,NA,NA,1,NA,NA,NA,5,15,2,2,70,NA,red,7,NA,NA,NA,2020,53.5,NA
202063,y,y,NA,NA,1,NA,NA,NA,7,NA,3,1,72,NA,red,4,NA,NA,NA,2020,53.5,NA
202064,y,NA,NA,NA,NA,NA,NA,NA,5,0,2,2,63,NA,yellow,9,NA,NA,NA,2020,53.5,NA
202065,n,n,NA,NA,1,NA,NA,NA,7,20,5,5,73,NA,blue,4,NA,NA,NA,2020,53.5,NA
202066,y,n,NA,NA,1,NA,NA,NA,5,25,4,5,NA,NA,NA,7,NA,NA,NA,2020,53.5,NA
202067,n,y,NA,NA,1,NA,NA,NA,7,40,4,4,68,NA,blue,6,NA,NA,NA,2020,53.5,NA
201901,y,y,6,NA,1,1,19,0.9,7,120,2,2,65,19.2,teal,6.8,81,NA,42,2019,52.5,NA
201902,y,y,7,NA,1,19,10,-0.31,7,20,1,1,72,27,blue,9,70,NA,53,2019,52.5,NA
201903,y,y,4,NA,1,0,10,1,7,20,3,2,62,17,purple,7,90,NA,45,2019,52.5,NA
201904,y,y,7,NA,1,16,10,-0.23,7,0,2,2,70,22,blue,6,74,NA,45,2019,52.5,NA
201905,y,y,6,NA,1,2,16,0.78,7,7,2,3,69,19.2,blue,8,69,NA,42,2019,52.5,NA
201906,y,y,7,NA,1,10,0,-1,NA,NA,NA,NA,NA,NA,NA,NA,NA,NA,50,2019,52.5,NA
201907,y,y,5,NA,1,1,13,0.86,6,25,2,3,66,20.5,green,6,84,NA,56,2019,52.5,NA
201908,n,n,6,NA,1,0,10,1,6,80,4,4,68,19,red,6,76,NA,50,2019,52.5,NA
201909,n,y,6,NA,1,0,17,1,7,16,2,3,70,23.7,green,7,74,NA,52,2019,52.5,NA
201910,n,y,4,NA,1,18,10,-0.29,7,12.5,2,3,68,19,blue,7,70,NA,42,2019,52.5,NA
201911,n,n,5,NA,1,5,13,0.44,7,1,2,3,71,21,blue,8.5,84,NA,43,2019,52.5,NA
201912,y,y,5,NA,1,1,13,0.86,7,25,3,4,71,23,blue,7,78,NA,52,2019,52.5,NA
201913,y,y,7,NA,2,1,19,0.9,7,20,3,3,69,19.2,red,7,74,NA,50,2019,52.5,NA
201914,y,y,4,NA,1,1,9,0.8,6,30,2,4,75,23,black,8,65,NA,50,2019,52.5,NA
201915,y,y,5,NA,1,0,20,1,6,100,3,2,63,21,blue,8,66,NA,45,2019,52.5,NA
201916,n,n,6,NA,1,0,16,1,6,3.5,4,3,71,19,red,12,110,NA,43,2019,52.5,NA
201917,y,y,5,NA,1,0,10,1,7,30,3,3,65,20,blue,6,104,NA,53,2019,52.5,NA
201918,y,n,4,NA,1,2,16,0.78,7,30,2,3,64,18,white,8,76,NA,42,2019,52.5,NA
201919,y,n,7,NA,1,2,18,0.8,7,20,2,3,69,18.5,blue,7,74,NA,50,2019,52.5,NA
201920,y,y,7,NA,1,0,10,1,7,15,2,4,68,19,green,9,63,NA,53,2019,52.5,NA
201921,n,y,5,NA,1,1,9,0.8,6,30,2,4,66,22.5,blue,8,62,NA,47,2019,52.5,NA
201922,y,y,5,NA,1,6,14,0.4,6,0,3,5,67,17,blue,6.5,68,NA,57,2019,52.5,NA
201923,n,y,3,NA,1,0,16,1,6,50,2,3,70,20,blue,8,75,NA,50,2019,52.5,NA
201924,n,y,6,NA,1,0,20,1,7,60,2,3,64,18,blue,7.5,70,NA,60,2019,52.5,NA
201925,n,y,5,NA,1,3,14,0.65,7,80,3,1,65,17,green,8.5,72,NA,46,2019,52.5,NA
201926,y,y,5,NA,1,1,15,0.88,7,20,3,3,77.5,21.5,green,6,90,NA,49,2019,52.5,NA
201927,y,y,5,NA,1,5,15,0.5,7,50,3,2,61,20.5,pink,6.5,94,NA,53,2019,52.5,NA
201928,y,y,5,NA,1,2,18,0.8,6,35,1,4,77,23,red,7,65,NA,51,2019,52.5,NA
201929,n,y,7,NA,1,0,10,1,7,29,3,2,71,23,purple,6,68,NA,47,2019,52.5,NA
201930,y,y,5,NA,1,1,16,0.88,7,80,4,4,63,17.5,purple,7,80,NA,21,2019,52.5,NA
201931,y,n,4,NA,2,3,17,0.7,7,25,1,1,70,22,green,7,104,NA,45,2019,52.5,NA
201932,y,n,6,NA,1,0,10,1,7,7,4,3,67,19.5,blue,8,70,NA,40,2019,52.5,NA
201933,y,y,5,NA,1,3,17,0.7,7,35,2,4,72,22,purple,7.5,82,NA,53,2019,52.5,NA
201934,n,y,6,NA,1,0,15,1,7,35,1,5,70,23,blue,8,68,NA,48,2019,52.5,NA
201935,y,y,6,NA,1,8,2,-0.6,7,25,2,2,64,22,green,6.5,48,NA,61,2019,52.5,NA
201936,y,y,5,NA,1,18,2,-0.8,5,70,4,4,63,18.9,purple,8,60,NA,55,2019,52.5,NA
201937,y,y,5,NA,1,0,18,1,7,16,2,1,68,21.8,blue,7,76,NA,50,2019,52.5,NA
201938,n,y,5,NA,1,0,17,1,7,0,3,2,62,17,gray,6.5,86,NA,55,2019,52.5,NA
201939,n,y,5,NA,1,0,16,1,7,60,3,2,68,20,teal,4,86,NA,54,2019,52.5,NA
201940,y,y,4,NA,1,4,16,0.6,5,35,4,4,68,18,blue,8,90,NA,57,2019,52.5,NA
201941,y,y,5,NA,1,3,17,0.7,7,70,3,3,68,22,red,7,70,NA,45,2019,52.5,NA
201942,n,y,6,NA,1,3,5,0.25,5,23,4,4,68,22,blue,5,71,NA,49,2019,52.5,NA
201943,y,y,4,NA,1,0,17,1,5,30,2,4,71,24,red,7,85,NA,56,2019,52.5,NA
201944,y,y,5,NA,1,1,18,0.89,6,15,2,3,66,21,blue,4,80,NA,49,2019,52.5,NA
201945,y,y,6,NA,2,5,13,0.44,7,80,1,1,68,21,purple,8,88,NA,42,2019,52.5,NA
201946,y,y,5,NA,1,4,14,0.56,7,18,1,3,68,21,purple,6.5,66,NA,45,2019,52.5,NA
201947,n,n,7,NA,1,0,10,1,7,60,3,4,65,21.5,green,5,60,NA,50,2019,52.5,NA
201948,y,y,6,NA,1,4,7,0.27,7,50,3,3,65,18,purple,6,96,NA,54,2019,52.5,NA
201949,n,y,5,NA,1,0,10,1,7,25,4,2,64,20,blue,7,70,NA,50,2019,52.5,NA
201950,n,n,6,NA,1,1,9,0.8,7,25,4,2,64,19,light blue,6.5,46,NA,55,2019,52.5,NA
201951,y,n,3,NA,1,0,20,1,7,8,2,4,69,22,blue,9,90,NA,45,2019,52.5,NA
201952,y,y,2,NA,1,2,13,0.73,6,30,2,3,67,21,purple,6,80,NA,47,2019,52.5,NA
201953,y,y,7,NA,1,2,13,0.73,7,25,3,2,65,9,red,7,74,NA,NA,2019,52.5,NA
201954,y,n,5,NA,1,0,18,1,7,20,2,2,57,17,pink,6,80,NA,55,2019,52.5,NA
201955,n,y,5,NA,1,5,15,0.5,7,15,3,1,71,21,blue,9,70,NA,49,2019,52.5,NA
201956,n,n,3,NA,1,0,12,1,6,27,2,4,72,21,blue,7,33,NA,45,2019,52.5,NA
201957,y,y,6,NA,1,0,10,1,6,12,4,2,63,16,pink,7,70,NA,47,2019,52.5,NA
201958,y,y,6,NA,1,15,5,-0.5,7,80,4,4,62,20.4,dark green,8,72,NA,53,2019,52.5,NA
201959,y,y,7,NA,1,0,20,1,7,80,3,4,66,18.5,light purple,7,78,NA,50,2019,52.5,NA
201960,n,y,6,NA,1,0,18,1,7,20,3,4,67,22,green,7,56,NA,21,2019,52.5,NA
201961,y,y,6,NA,1,0,10,1,6,120,2,4,70.5,21.2,purple,7,78,NA,55,2019,52.5,NA
201801,NA,n,5,NA,1,9,11,0.1,7,15,3,2,66,22.4,gray,5,82,m,45,2018,51.5,NA
201802,NA,y,6,NA,1,0,10,1,7,25,3,3,63,18,blue,4,64,f,50,2018,51.5,NA
201803,NA,y,7,NA,1,0,10,1,7,22,3,3,62,17,blue,7.5,68,f,45,2018,51.5,NA
201804,NA,y,6,NA,1,0,10,1,7,20,4,2,62,17,black,6,66,f,50,2018,51.5,NA
201805,NA,n,5,NA,1,2,18,0.8,7,0,3,2,64,19,pink,8,78,f,46,2018,51.5,NA
201806,NA,y,5,NA,1,0,20,1,5,20,3,4,63,18.5,blue,6,104,f,48,2018,51.5,NA
201807,NA,y,6,NA,1,14,3,-0.65,7,40,2,3,62,18.5,purple,7,70,f,50,2018,51.5,NA
201808,NA,y,4,NA,1,5,17,0.55,6,50,3,4,65,18.5,red,8,80,f,45,2018,51.5,NA
201809,NA,y,5,NA,1,4,6,0.2,6,20,2,4,73,23.5,blue,6,48,m,50,2018,51.5,NA
201810,NA,y,4,NA,1,1,10,0.82,6,30,2,4,65,15.5,blue,7,86,f,60,2018,51.5,NA
201811,NA,y,5,NA,1,18,11,-0.24,7,50,2,2,63,19,sky blue,6,70,f,55,2018,51.5,NA
201812,NA,y,6,NA,1,20,10,-0.33,7,120,1,2,68,23,blue,7,68,f,48,2018,51.5,NA
201813,NA,n,5,NA,1,20,10,-0.33,7,25,5,2,71,22,red,6,56,m,50,2018,51.5,NA
201814,NA,n,5,NA,3,0,20,1,6,0,2,4,69,19.5,blue,7,70,m,NA,2018,51.5,NA
201815,NA,y,5,NA,1,19,10,-0.31,6,50,2,3,66,19,green,7,68,f,46,2018,51.5,NA
201816,NA,y,5,NA,1,0,10,1,6,20,3,4,68,18,red,7,58,f,52,2018,51.5,NA
201817,NA,n,6,NA,1,0,10,1,5,20,3,5,70,17,navy,6,62,m,45,2018,51.5,NA
201818,NA,y,5,NA,1,3,11,0.57,7,20,2,2,65,21.1,green,4.5,56,m,52,2018,51.5,NA
201819,NA,y,5,NA,1,5,11,0.38,7,0,4,3,63,18.6,green,8.5,64,f,55,2018,51.5,NA
201820,NA,y,5,NA,1,0,10,1,7,0,4,3,63,19.5,purple,6,70,f,42,2018,51.5,NA
201821,NA,y,4,NA,1,9,2,-0.64,7,43,4,3,72,22.5,blue,8,52,m,43,2018,51.5,NA
201822,NA,y,6,NA,1,4,16,0.6,7,36,4,4,61,16.5,blue,7,72,f,51,2018,51.5,NA
201823,NA,y,5,NA,1,2,15,0.76,7,65,2,2,63,18,purple,6.5,76,f,52,2018,51.5,NA
201824,NA,y,6,NA,1,NA,NA,NA,6,100,3,3,63,20,red,6,60,f,34,2018,51.5,NA
201825,NA,y,6,NA,1,15,10,-0.2,7,15,2,1,68,22,green,7,66,m,51,2018,51.5,NA
201826,NA,y,6,NA,1,1,9,0.8,6,12,4,4,72,23.5,turquoise,6.5,64,m,25,2018,51.5,NA
201827,NA,y,6,NA,1,15,11,-0.15,7,110,3,3,63,20,green,5.5,80,f,55,2018,51.5,NA
201828,NA,y,5,NA,1,0,20,1,7,20,4,5,71,18,blue,7.5,66,m,48,2018,51.5,NA
201829,NA,n,3,NA,1,0,19,1,6,0,2,3,73,19,green,8.5,64,m,45,2018,51.5,NA
201830,NA,y,5,NA,1,0,14,1,7,12,2,3,68,20,red,6,100,m,45,2018,51.5,NA
201831,NA,y,6,NA,1,1,17,0.89,7,20,3,5,71,20,blue,8,98,m,50,2018,51.5,NA
201832,NA,y,5,NA,1,0,10,1,6,9,4,3,67,22,green,7.5,76,m,48,2018,51.5,NA
201833,NA,y,5,NA,1,0,10,1,5,10,3,4,60,19.8,red,8,78,f,50,2018,51.5,NA
201834,NA,y,6,NA,1,0,16,1,6,24,3,5,64,17,yellow,5,84,f,49,2018,51.5,NA
201835,NA,y,5,NA,1,0,14,1,7,30,4,4,60,19,orange,7,92,f,55,2018,51.5,NA
201836,NA,y,4,NA,1,1,17,0.89,6,30,4,5,68,20,blue,5.5,74,f,53,2018,51.5,NA
201837,NA,y,5,NA,1,17,3,-0.7,7,20,3,4,69,20.5,orange,6,80,f,55,2018,51.5,NA
201838,NA,y,7,NA,1,0,17,1,7,20,2,3,73,24,green,7,64,m,55,2018,51.5,NA
201839,NA,y,2,NA,1,0,17,1,7,18,2,2,68,22,blue,7.5,74,m,50,2018,51.5,NA
201840,NA,y,6,NA,1,3,9,0.5,7,25,5,3,70,22,yellow,8,74,m,50,2018,51.5,NA
201841,NA,y,4,NA,1,4,8,0.33,5,25,3,3,70,19,green,7,66,m,53,2018,51.5,NA
201842,NA,y,7,NA,1,2,18,0.8,7,20,4,4,68,21.7,green,6,95,m,52,2018,51.5,NA
201843,NA,y,2,NA,1,2,18,0.8,7,20,3,4,73,21,blue,7.5,92,m,54,2018,51.5,NA
201844,NA,y,6,NA,1,4,14,0.56,7,60,3,3,67,22,pink,8,62,f,50,2018,51.5,NA
201845,NA,y,5,NA,1,9,11,0.1,5,60,2,3,62,20,gray,8,74,f,53,2018,51.5,NA
201846,NA,n,7,NA,1,0,20,1,7,0,3,2,66,9,blue,8,80,m,30,2018,51.5,NA
201847,NA,n,5,NA,1,2,18,0.8,6,20,4,4,70,19,blue,7,54,f,35,2018,51.5,NA
201848,NA,y,5,NA,1,0,10,1,6,NA,3,5,63,18,blue,6.5,92,f,45,2018,51.5,NA
201849,NA,y,5,NA,1,0,10,1,7,20,2,4,70,21,orange,7.5,84,m,44,2018,51.5,NA
201850,NA,n,7,NA,1,1,19,0.9,7,15,4,3,63,9,blue,6,80,f,50,2018,51.5,NA
201851,NA,n,5,NA,1,6,14,0.4,5,10,4,4,64,8.5,NA,7,85,f,45,2018,51.5,NA
201701,NA,y,3,NA,1,15,3,-0.67,5,20,2,2,71,22,orange,8.5,75,m,52,2017,50.5,NA
201702,NA,y,5,NA,1,12,5,-0.41,5,0,3,4,63,18,gray,6.5,68,m,48,2017,50.5,NA
201703,NA,y,3,NA,1,0,20,1,7,20,3,1,65,20.5,pink,6,80,f,55,2017,50.5,NA
201704,NA,y,6,NA,1,14,3,-0.65,7,0,5,3,74,22,red,8,96,m,55,2017,50.5,NA
201705,NA,y,4,NA,1,1,18,0.89,7,21,1,3,67,20,purple,7,68,m,50,2017,50.5,NA
201706,NA,y,4,NA,1,3,14,0.65,5,12,1,3,71,18,blue,9,82,m,44,2017,50.5,NA
201707,NA,y,5,NA,1,2,13,0.73,6,22,3,2,67,19,purple,6,57,m,45,2017,50.5,NA
201708,NA,y,4,NA,1,0,20,1,7,0,5,5,70,21,blue,2,91,m,50,2017,50.5,NA
201709,NA,y,5,NA,1,4,7,0.27,7,20,2,1,69,23,blue,6,60,m,48,2017,50.5,NA
201710,NA,y,5,NA,1,2,10,0.67,7,14,3,1,66,20,green,6,54,f,55,2017,50.5,NA
201711,NA,y,3,NA,1,0,17,1,7,20,3,1,65,19.5,green,7,62,f,45,2017,50.5,NA
201712,NA,y,7,NA,2,0,20,1,7,20,3,1,69,20,green,8.5,80,m,54,2017,50.5,NA
201713,NA,y,5,NA,1,4,14,0.56,7,45,4,4,66,19,purple,7,64,f,52,2017,50.5,NA
201714,NA,y,6,NA,3,2,18,0.8,6,0,3,4,74,20.4,blue,8,70,m,45,2017,50.5,NA
201715,NA,y,7,NA,1,3,17,0.7,7,20,4,5,69,19.7,blue,6,74,f,45,2017,50.5,NA
201716,NA,y,3,NA,1,0,19,1,6,40,3,3,65.5,20,yellow,8,70,f,50,2017,50.5,NA
201717,NA,n,5,NA,1,0,18,1,7,14,4,3,66,19.5,blue,6,72,f,40,2017,50.5,NA
201718,NA,y,5,NA,1,3,14,0.65,7,12,2,3,67,19,blue,8,88,m,47,2017,50.5,NA
201719,NA,n,7,NA,1,0,10,1,7,12,2,5,64,20.5,blue,8,75,m,56,2017,50.5,NA
201720,NA,y,6,NA,1,9,1,-0.8,7,22,4,2,67,21.7,blue,6.5,58,f,45,2017,50.5,NA
201721,NA,y,3,NA,1,0,18,1,6,40,3,3,64,19.5,black,9,100,f,40,2017,50.5,NA
201722,NA,n,1,NA,1,1,10,0.82,5,20,3,4,69,20,green,7,78,m,35,2017,50.5,NA
201723,NA,y,7,NA,1,1,19,0.9,7,40,2,4,67,22,green,6.5,86,f,32,2017,50.5,NA
201724,NA,y,5,NA,1,2,18,0.8,5,130,5,3,66,21,yellow,6,80,f,50,2017,50.5,NA
201725,NA,n,5,NA,1,3,17,0.7,7,30,3,4,69,18.5,blue,8,74,m,48,2017,50.5,NA
201726,NA,y,6,NA,1,0,10,1,6,15,3,4,68,20,burnt orange,8,68,m,40,2017,50.5,NA
201727,NA,y,5,NA,1,2,8,0.6,7,25,3,3,68,18,blue,5,54,f,42,2017,50.5,NA
201728,NA,y,5,NA,1,6,14,0.4,7,15,5,3,69,21,green,6,64,f,45,2017,50.5,NA
201729,NA,y,7,NA,2,4,6,0.2,7,14,2,3,75,22,green,7,80,m,47,2017,50.5,NA
201730,NA,y,5,NA,1,1,9,0.8,5,26,3,3,62,16,blue,5,75,f,38,2017,50.5,NA
201731,NA,y,6,NA,1,0,20,1,7,50,4,4,68,21.5,turquoise,6,76,f,45,2017,50.5,NA
201732,NA,NA,6,NA,1,0,20,1,7,100,5,3,64,18.5,white,6,88,f,45,2017,50.5,NA
201733,NA,n,5,NA,1,0,20,1,7,5,2,4,64,21,green,7,50,f,40,2017,50.5,NA
201734,NA,y,5,NA,1,3,15,0.67,6,15,2,3,62,19.3,red,8,98,f,45,2017,50.5,NA
201735,NA,n,4,NA,1,5,13,0.44,7,0,2,1,64,21,gray,3,86,m,50,2017,50.5,NA
201736,NA,y,7,NA,2,0,20,1,7,15,3,3,65,20.5,none,7,84,f,29,2017,50.5,NA
201737,NA,y,7,NA,1,0,16,1,7,23,4,3,71,23,red,7.5,100,m,51,2017,50.5,NA
201738,NA,y,3,NA,1,1,16,0.88,5,20,4,3,69,20,blue,8,74,m,50,2017,50.5,NA
201739,NA,y,6,NA,1,0,18,1,6,80,3,2,64,20.5,pink,6.5,94,f,47,2017,50.5,NA
201740,NA,y,3,NA,1,0,19,1,5,0,3,3,77,24,blue,6,84,m,45,2017,50.5,NA
201741,NA,n,5,NA,1,0,18,1,7,40,2,1,62,20,blue,6,82,f,48,2017,50.5,NA
201742,NA,n,7,NA,1,0,19,1,7,15,3,3,66,19.5,purple,6,80,f,50,2017,50.5,NA
201743,NA,y,7,NA,1,0,20,1,7,20,3,2,67,23,blue,7,78,m,55,2017,50.5,NA
201744,NA,y,7,NA,1,1,9,0.8,7,16,3,4,69,21,blue,6,98,m,52,2017,50.5,NA
201745,NA,y,7,NA,1,0,19,1,7,12,4,4,73.5,19,blue,4,72,m,58,2017,50.5,NA
201746,NA,y,5,NA,1,1,17,0.89,6,35,4,4,64,20.8,yellow,6.5,98,f,42,2017,50.5,NA
201747,NA,y,6,NA,1,6,11,0.29,6,40,4,3,66,19,red,8,86,f,41,2017,50.5,NA
201748,NA,y,5,NA,1,13,5,-0.44,6,70,2,1,67,20,green,8,80,f,43,2017,50.5,NA
201601,NA,y,7,NA,1,0,10,1,7,15,4,4,63,21,blue,6,64,f,45,2016,49.5,NA
201602,NA,y,6,NA,1,0,18,1,7,12,2,4,69,19.2,green,8,88,m,53,2016,49.5,NA
201603,NA,y,3,NA,1,0,18,1,5,30,3,4,68,18,blue,6.5,80,f,60,2016,49.5,NA
201604,NA,n,4,NA,1,5,7,0.17,7,NA,3,2,63,18.5,gray,8,60,f,37,2016,49.5,NA
201605,NA,n,7,NA,1,0,10,1,7,20,2,1,61,17,green,7,84,f,35,2016,49.5,NA
201606,NA,n,7,NA,3,11,10,-0.05,7,15,3,3,70,22,blue,6,74,m,43,2016,49.5,NA
201607,NA,n,5,NA,3,20,11,-0.29,7,20,3,2,73,20,red,9,84,m,45,2016,49.5,NA
201608,NA,y,6,NA,1,6,13,0.37,7,25,3,3,66,18,red,6.5,80,f,46,2016,49.5,NA
201609,NA,y,6,NA,1,2,11,0.69,6,0,3,4,66,19,blue,7,50,m,50,2016,49.5,NA
201610,NA,y,5,NA,1,3,17,0.7,6,25,3,3,66,19,purple,4,60,f,50,2016,49.5,NA
201611,NA,y,7,NA,1,5,9,0.29,7,40,2,3,63,13.5,blue,6,66,f,NA,2016,49.5,NA
201612,NA,y,4,NA,1,3,7,0.4,6,70,3,3,64,18,white,7.5,72,f,60,2016,49.5,NA
201613,NA,y,5,NA,1,1,14,0.87,7,0,3,5,68,17,dark blue,8.5,78,f,42,2016,49.5,NA
201614,NA,y,6,NA,1,1,13,0.86,7,15,4,3,64,16.75,teal,9.5,84,f,39,2016,49.5,NA
201615,NA,y,5,NA,2,4,16,0.6,7,30,2,3,71,21.5,blue,7.5,94,m,48,2016,49.5,NA
201616,NA,y,4,NA,1,4,13,0.53,7,0,3,2,71,19,red,6.67,90,f,47,2016,49.5,NA
201617,NA,y,3,NA,1,0,15,1,5,20,3,3,67,20,purple,8,74,f,45,2016,49.5,NA
201618,NA,y,3,NA,1,4,13,0.53,7,10,3,4,61,20,purple,6,72,f,42,2016,49.5,NA
201619,NA,y,4,NA,1,4,10,0.43,5,18,3,4,74,20.3,blue,NA,58,m,49,2016,49.5,NA
201620,NA,y,2,NA,1,4,9,0.38,5,32,4,3,63,18.5,blue,6,92,f,52,2016,49.5,NA
201621,NA,y,5,NA,1,2,17,0.79,6,20,3,3,69,23,blue,7,65,m,43,2016,49.5,NA
201622,NA,y,3,NA,1,1,19,0.9,6,20,3,3,71,23,blue,6,56,m,50,2016,49.5,NA
201623,NA,y,5,NA,1,1,15,0.88,6,20,2,2,75,22,blue,7,50,m,45,2016,49.5,NA
201624,NA,y,3,NA,1,2,18,0.8,6,20,4,2,64,23,black,8,76,m,53,2016,49.5,NA
201625,NA,y,5,NA,1,4,13,0.53,7,45,4,4,70,19.5,blue,7,56,f,NA,2016,49.5,NA
201626,NA,y,5,NA,1,8,7,-0.07,7,60,3,4,63,19.2,blue,8,106,f,46,2016,49.5,NA
201627,NA,n,6,NA,1,1,16,0.88,7,15,3,4,72,9.5,yellow,8,70,m,40,2016,49.5,NA
201628,NA,n,5,NA,1,0,20,1,6,17,4,2,66,10,blue,7.5,68,m,43,2016,49.5,NA
201629,NA,y,6,NA,1,0,10,1,6,15,3,2,66,9.5,blue,8,60,m,47,2016,49.5,NA
201630,NA,n,3,NA,1,0,20,1,6,60,3,3,66,18,aqua,7,82,f,45,2016,49.5,NA
201631,NA,y,5,NA,1,2,12,0.71,6,50,4,4,64,20,light blue,7.5,72,f,48,2016,49.5,NA
201632,NA,y,5,NA,1,0,11,1,7,0,3,4,66,20,purple,8,90,m,47,2016,49.5,NA
201633,NA,n,4,NA,1,0,20,1,4,15,4,1,68,25,blue,9,54,m,41,2016,49.5,NA
201634,NA,n,7,NA,1,0,10,1,7,15,4,3,65,20,black,7,100,f,45,2016,49.5,NA
201635,NA,y,3,NA,1,3,17,0.7,6,8,3,4,66,22,blue,7.5,56,m,52,2016,49.5,NA
201636,NA,y,5,NA,1,1,19,0.9,6,120,3,1,69,20,blue,8,65,f,24,2016,49.5,NA
201637,NA,y,6,NA,1,2,10,0.67,7,20,4,3,62,20,white,6,60,f,49,2016,49.5,NA
201638,NA,y,4,NA,1,7,8,0.07,7,40,1,2,60,21,none,7.5,60,f,42,2016,49.5,NA
201639,NA,y,7,NA,1,0,10,1,7,35,3,4,67,19,blue,5,64,m,70,2016,49.5,NA
201640,NA,y,5,NA,1,0,20,1,6,32,2,2,62,18.5,green,6,70,f,53,2016,49.5,NA
201641,NA,y,5,NA,1,0,20,1,6,40,2,2,62,18.5,blue,6.5,80,f,54,2016,49.5,NA
201642,NA,n,6,NA,1,0,10,1,5,20,3,3,71,25,green,6,64,m,48,2016,49.5,NA
201643,NA,n,5,NA,1,0,10,1,5,15,3,4,64,18.5,blue,8,78,f,40,2016,49.5,NA
201644,NA,y,5,NA,1,2,18,0.8,7,0,2,3,71,18.5,green,7,68,m,47,2016,49.5,NA
201645,NA,y,4,NA,1,1,19,0.9,5,40,3,4,63.5,17,blue,7,74,f,43,2016,49.5,NA
201646,NA,y,5,NA,2,2,13,0.73,7,9,3,2,74,23,blue,6,90,m,46,2016,49.5,NA
201647,NA,y,6,NA,1,3,14,0.65,7,0,2,4,71,22.5,blue,9,74,m,38,2016,49.5,NA
201648,NA,y,5,NA,2,7,3,-0.4,7,60,3,5,68,21,blue,7.5,90,f,48,2016,49.5,NA
201649,NA,y,5,NA,1,8,4,-0.33,7,12,1,2,70,21.5,gray,5,66,m,NA,2016,49.5,NA
201650,NA,y,5,NA,2,0,10,1,7,0,3,4,65,18.5,purple,5,70,f,50,2016,49.5,NA
201651,NA,y,5,NA,1,0,14,1,7,5,1,3,72,21.5,navy,7,55,m,35,2016,49.5,NA
201652,NA,y,5,NA,1,0,10,1,7,0,5,2,69,NA,blue,7.5,65,m,50,2016,49.5,NA
201653,NA,y,4,NA,1,2,18,0.8,7,0,3,2,67,24,brown,5,60,m,45,2016,49.5,NA
201654,NA,y,6,NA,2,8,2,-0.6,6,25,1,3,68,21,royal blue,8.5,64,f,48,2016,49.5,NA
201655,NA,y,5,NA,1,10,1,-0.82,6,75,3,4,63,17.5,violet,8.5,56,f,44,2016,49.5,NA
201656,NA,y,4,NA,1,2,10,0.67,7,20,4,4,73,22,navy,6,90,m,55,2016,49.5,NA
201657,NA,y,5,NA,1,0,20,1,6,10,3,3,69,21.5,black,7,68,m,48,2016,49.5,NA
201658,NA,y,6,NA,2,1,12,0.85,6,0,2,3,66,19.5,green,7,63,m,52,2016,49.5,NA
201659,NA,y,7,NA,1,4,6,0.2,7,26,1,1,67,21,blue,7,78,m,45,2016,49.5,NA
201660,NA,y,6,NA,1,5,14,0.47,7,20,2,4,73,22.5,red,6,60,m,38,2016,49.5,NA
201661,NA,y,6,NA,1,2,14,0.75,7,30,3,4,70,22,red,9,60,m,32,2016,49.5,NA
201662,NA,y,6,NA,1,0,10,1,7,30,1,1,76,23,gray,6,66,m,47,2016,49.5,NA
201663,NA,y,7,NA,1,1,10,0.82,7,20,5,3,63,20,green,4,56,m,40,2016,49.5,NA
201664,NA,n,7,NA,1,0,10,1,7,20,3,4,65,20.5,green,7,88,f,40,2016,49.5,NA
201501,NA,n,5,NA,1,2,15,0.76,7,15,3,3,61,19.5,blue,8,66,f,48,2015,48.5,NA
201502,NA,y,6,NA,1,1,11,0.83,7,7,4,4,71,21,blue,8,65,m,52,2015,48.5,NA
201503,NA,y,5,NA,1,6,6,0,7,19,2,2,67,19.5,chartreuse,8,80,m,47,2015,48.5,NA
201504,NA,y,5,NA,1,10,0,-1,7,30,4,4,66,22,blue,6.5,60,m,47,2015,48.5,NA
201505,NA,y,3,NA,1,15,5,-0.5,5,35,2,4,66,19,red,4,56,f,46,2015,48.5,NA
201506,NA,n,7,NA,1,2,14,0.75,7,5,3,2,70,21,blue,9,90,m,40,2015,48.5,NA
201507,NA,y,6,NA,1,1,12,0.85,7,0,3,4,74,24,blue,7,94,m,42,2015,48.5,NA
201508,NA,y,5,NA,1,0,20,1,6,17.5,4,4,72,22,blue,7,70,m,49,2015,48.5,NA
201509,NA,y,5,NA,1,20,0,-1,6,0,2,4,71,22.2,red,7.5,72,m,48,2015,48.5,NA
201510,NA,y,3,NA,1,18,2,-0.8,5,32,2,4,72,23,blue,5,64,m,42,2015,48.5,NA
201511,NA,y,7,NA,1,1,10,0.82,7,14,2,2,62,19.5,white,6,62,f,48,2015,48.5,NA
201512,NA,n,5,NA,1,2,18,0.8,6,5,2,2,68,NA,red,9,72,m,40,2015,48.5,NA
201513,NA,y,3,NA,1,20,0,-1,7,5,3,3,71,NA,red,9,72,m,54,2015,48.5,NA
201514,NA,y,5,NA,1,15,5,-0.5,6,25,3,4,63,19,purple,9,72,f,50,2015,48.5,NA
201515,NA,y,5,NA,1,13,7,-0.3,6,0,3,2,73,22,blue,7.5,78,m,45,2015,48.5,NA
201516,NA,y,4,NA,1,1,16,0.88,7,25,2,3,66,24.1,NA,8,66,f,44,2015,48.5,NA
201517,NA,y,6,NA,1,1,16,0.88,6,10,3,2,61,21.5,purple,7,72,f,45,2015,48.5,NA
201518,NA,y,5,NA,2,3,9,0.5,7,50,2,3,64,20,blue,8,68,f,36,2015,48.5,NA
201519,NA,y,3,NA,1,0,10,1,6,15,4,3,67,22,orange,6.5,60,m,47,2015,48.5,NA
201520,NA,y,4,NA,1,0,16,1,5,30,2,3,64,17,pink,8,58,f,45,2015,48.5,NA
201521,NA,y,4,NA,1,4,15,0.58,6,17,4,3,72,19,green,8,60,m,50,2015,48.5,NA
201522,NA,n,3,NA,1,4,16,0.6,5,35,2,2,64,17.5,pink,8,60,f,41,2015,48.5,NA
201523,NA,y,6,NA,1,3,9,0.5,6,60,2,5,68,19,green,6,62,f,52,2015,48.5,NA
201524,NA,y,3,NA,1,1,14,0.87,5,15,4,5,72,21.5,green,9,68,m,48,2015,48.5,NA
201525,NA,n,4,NA,1,1,16,0.88,4,20,2,3,69,21,blue,8,60,m,46,2015,48.5,NA
201526,NA,y,5,NA,1,9,7,-0.13,6,60,2,3,63,18.5,blue,6,68,f,42,2015,48.5,NA
201527,NA,y,5,NA,1,0,10,1,6,0,3,3,68.5,21,blue,8,68,f,45,2015,48.5,NA
201528,NA,y,1,NA,1,3,14,0.65,3,30,2,4,68,20,purple,8.5,60,f,50,2015,48.5,NA
201529,NA,y,3,NA,1,8,10,0.11,5,20,2,3,68,20.7,aqua,6.5,52,f,47,2015,48.5,NA
201530,NA,y,3,NA,1,7,6,-0.08,5,3,2,3,67,21,sapphire,7.5,69,f,47,2015,48.5,NA
201531,NA,y,7,NA,1,0,20,1,7,0,5,5,68,22,yellow,8,86,f,42,2015,48.5,NA
201532,NA,y,5,NA,1,2,15,0.76,6,210,3,2,70,21.5,purple,7.5,76,f,53,2015,48.5,NA
201533,NA,y,3,NA,1,0,17,1,5,14,4,3,69,21.5,green,8,60,m,53,2015,48.5,NA
201534,NA,y,3,NA,1,0,10,1,5,60,3,2,66,18,blue,6,66,f,51,2015,48.5,NA
201535,NA,y,4,NA,1,0,20,1,5,0,4,5,66,23.5,blue,5,72,m,55,2015,48.5,NA
201536,NA,y,6,NA,1,1,9,0.8,7,50,3,2,68,20,pink,7,80,f,53,2015,48.5,NA
201537,NA,y,4,NA,1,3,12,0.6,7,18,2,2,67,21.5,orange,8,74,m,47,2015,48.5,NA
201538,NA,y,4,NA,1,1,10,0.82,6,15,3,2,69,19.5,blue,9,70,m,49,2015,48.5,NA
201539,NA,y,3,NA,1,5,15,0.5,6,55,3,2,62,18,blue,6,90,f,42,2015,48.5,NA
201540,NA,y,3,NA,2,16,7,-0.39,6,32,3,2,70,21.5,red,6,80,m,45,2015,48.5,NA
201541,NA,y,2,NA,1,0,20,1,7,0,3,4,63,21,yellow,6.5,70,f,47,2015,48.5,NA
201542,NA,y,6,NA,1,0,20,1,7,30,4,4,64,20,purple,7,66,f,37,2015,48.5,NA
201543,NA,n,6,NA,1,0,19,1,6,0,4,3,65,19.5,blue,8,60,f,49,2015,48.5,NA
201544,NA,n,6,NA,1,0,19,1,6,0,2,2,66,22.5,yellow,8,62,f,53,2015,48.5,NA
201545,NA,y,4,NA,1,6,14,0.4,6,6,1,2,63.5,18,pink,8,54,f,48,2015,48.5,NA
201546,NA,y,5,NA,1,5,15,0.5,7,0,2,3,70,21,blue,7,88,m,53,2015,48.5,NA
201547,NA,y,5,NA,1,2,9,0.64,7,20,3,3,66,21.7,blue,8,68,m,48,2015,48.5,NA
201548,NA,y,7,NA,1,1,10,0.82,7,55,4,2,68,22,brown,5,64,m,57,2015,48.5,NA
201549,NA,y,5,NA,2,1,9,0.8,7,48,1,4,71,22.6,blue,7,86,m,44,2015,48.5,NA
201401,NA,y,5,NA,1,1,14,0.87,7,35,4,5,68,19,green,6,86,f,42,2014,47.5,NA
201402,NA,y,5,NA,1,2,12,0.71,6,35,3,2,64,18,green,7,80,f,40,2014,47.5,NA
201403,NA,y,5,NA,1,0,10,1,7,15,5,1,72,16,orange,6,30,m,38,2014,47.5,NA
201404,NA,y,5,NA,1,0,10,1,6,12,4,2,66,19,green,6,64,f,46,2014,47.5,NA
201405,NA,y,5,NA,1,0,17,1,7,10,2,3,68,20.5,green,6,56,m,45,2014,47.5,NA
201406,NA,y,6,NA,2,15,10,-0.2,7,28,5,5,66,21.5,blue,8,82,m,44,2014,47.5,NA
201407,NA,n,1,NA,1,7,2,-0.56,5,50,1,1,64,22.8,red,7,72,f,52,2014,47.5,NA
201408,NA,y,5,NA,1,10,10,0,7,70,3,4,67,20.5,blue,6.5,68,m,55,2014,47.5,NA
201409,NA,NA,5,NA,1,4,12,0.5,5,32,2,3,63,8,red,7,52,f,40,2014,47.5,NA
201410,NA,n,5,NA,1,5,15,0.5,6,18,3,3,65,18,purple,4,84,f,46,2014,47.5,NA
201411,NA,y,5,NA,1,3,16,0.68,6,30,4,3,65,16,green,6,62,f,54,2014,47.5,NA
201412,NA,n,5,NA,2,2,14,0.75,7,0,2,3,70,20,gray,7,68,m,53,2014,47.5,NA
201413,NA,y,6,NA,1,1,16,0.88,5,55,1,2,64,20,blue,7,62,f,45,2014,47.5,NA
201414,NA,y,5,NA,1,2,10,0.67,7,0,3,2,70,22,blue,6,66,m,52,2014,47.5,NA
201415,NA,y,4,NA,1,5,14,0.47,5,20,2,2,60,18,silver,6,78,f,45,2014,47.5,NA
201416,NA,y,4,NA,1,4,16,0.6,6,60,3,3,72,22.5,green,8,66,m,52,2014,47.5,NA
201417,NA,n,3,NA,1,2,16,0.78,5,25,4,4,71,22,blue,6,70,m,58,2014,47.5,NA
201418,NA,y,5,NA,1,1,15,0.88,5,15,4,4,67,21,red,7,68,m,40,2014,47.5,NA
201419,NA,y,5,NA,1,3,15,0.67,6,25,3,4,65,21.5,green,6,86,f,45,2014,47.5,NA
201420,NA,n,6,NA,1,0,13,1,7,15,2,3,71,21.4,brown,6,88,m,48,2014,47.5,NA
201421,NA,y,5,NA,1,0,16,1,7,28,2,4,63,20.2,dark blue,7,78,f,45,2014,47.5,NA
201422,NA,y,7,NA,1,3,8,0.45,7,9,4,3,72,11,blue,8,80,m,40,2014,47.5,NA
201423,NA,n,7,NA,1,0,10,1,7,5,4,2,71,10,blue,9,75,m,40,2014,47.5,NA
201424,NA,y,5,NA,1,0,17,1,7,0,2,2,64,19,green,7,92,f,55,2014,47.5,NA
201425,NA,n,5,NA,1,3,17,0.7,7,100,3,1,63,16,blue,9,80,f,49,2014,47.5,NA
201426,NA,n,6,NA,1,3,13,0.63,6,25,2,3,72,20.5,NA,6,72,m,45,2014,47.5,NA
201427,NA,y,6,NA,1,12,3,-0.6,7,15,1,2,70,21.5,depends,7,62,m,46,2014,47.5,NA
201428,NA,y,7,NA,1,2,18,0.8,7,25,3,2,70,23.5,blue,6,66,m,50,2014,47.5,NA
201429,NA,y,1,NA,1,6,14,0.4,6,30,2,3,64,18.5,blue,7.5,68,f,56,2014,47.5,NA
201430,NA,y,4,NA,1,1,19,0.9,6,20,3,3,NA,22,blue,8.5,74,m,55,2014,47.5,NA
201431,NA,y,6,NA,1,2,18,0.8,6,0,3,2,68.5,20.5,green,8,66,m,50,2014,47.5,NA
201432,NA,y,6,NA,NA,NA,NA,NA,NA,NA,NA,NA,NA,NA,NA,NA,NA,m,NA,2014,47.5,NA
201433,NA,y,2,NA,1,4,16,0.6,5,14,3,1,72,21,aquamarine,7,80,m,47,2014,47.5,NA
201434,NA,y,7,NA,1,0,10,1,7,7,4,2,73,24,blue,7,70,m,45,2014,47.5,NA
201435,NA,y,2,NA,1,3,17,0.7,4,14,2,1,71,22,green,8.5,70,m,45,2014,47.5,NA
201436,NA,y,6,NA,1,0,14,1,6,15,3,3,70,25,blue,8,70,m,47,2014,47.5,NA
201437,NA,y,4,NA,1,8,12,0.2,7,20,3,3,73,20,blue,6,58,m,42,2014,47.5,NA
201438,NA,y,7,NA,1,6,14,0.4,6,25,1,1,71,24,blue,8,59,m,53,2014,47.5,NA
201439,NA,n,7,NA,1,0,20,1,7,12,5,3,67,21,white,6,80,m,50,2014,47.5,NA
201440,NA,y,5,NA,1,3,9,0.5,5,18,2,2,67,21,white,9,70,m,47,2014,47.5,NA
201441,NA,n,5,NA,1,5,12,0.41,6,15,2,2,68,23,pink,8,72,m,52,2014,47.5,NA
201442,NA,y,5,NA,1,0,20,1,6,25,5,1,64,17,green,4,77,f,42,2014,47.5,NA
